year,emission
2019,87.25531652103156
2020,75.99212158731788
2021,82.57421673125984
